{"cameraMode":{"drawMode":0,"name":"Shaded","section":"Shading Mode"},"sceneLighting":true,"audioPlay":false,"sceneViewState":{"m_AlwaysRefresh":false,"showFog":true,"showSkybox":true,"showFlares":true,"showImageEffects":true,"showParticleSystems":true,"showVisualEffectGraphs":true,"m_FxEnabled":true},"in2DMode":false,"pivot":{"x":1.6199544668197632,"y":4.370498180389404,"z":-5.998323917388916},"rotation":{"x":-0.031115591526031495,"y":0.5094609260559082,"z":-0.01618274487555027,"w":-0.8604738712310791},"size":0.8660253882408142,"orthographic":false}