{"cameraMode":{"drawMode":0,"name":"Shaded","section":"Shading Mode"},"sceneLighting":false,"audioPlay":false,"sceneViewState":{"m_AlwaysRefresh":false,"showFog":true,"showSkybox":false,"showFlares":true,"showImageEffects":true,"showParticleSystems":true,"showVisualEffectGraphs":true,"m_FxEnabled":true},"in2DMode":false,"pivot":{"x":-0.008031725883483887,"y":0.8299691677093506,"z":0.00992611050605774},"rotation":{"x":-0.1757361739873886,"y":-0.8204725384712219,"z":0.3400323688983917,"w":-0.42509081959724429},"size":0.8660253882408142,"orthographic":false}