{"cameraMode":{"drawMode":0,"name":"Shaded","section":"Shading Mode"},"sceneLighting":false,"audioPlay":false,"sceneViewState":{"m_AlwaysRefresh":false,"showFog":true,"showSkybox":false,"showFlares":true,"showImageEffects":true,"showParticleSystems":true,"showVisualEffectGraphs":true,"m_FxEnabled":true},"in2DMode":false,"pivot":{"x":-0.008031666278839112,"y":0.8299691677093506,"z":0.0074177086353302},"rotation":{"x":0.34879419207572939,"y":0.17150086164474488,"z":-0.06528609991073609,"w":0.9192095398902893},"size":1.0730350017547608,"orthographic":false}